-0.132727901,2.679024777,2.37168911,2.10725955,2.609658035,0.554219021,0.58330214,0.272540485,1.049607143,-1.027237008,26.47105008,,,,,,,,,,,,,,,,,,,,,,,,,,,,,,,,,,,,,,,,,,,,,,,,,,,,,,,,,,,,,,,,,,,,,,,,,,,,,,,,
-0.132727901,2.679024777,2.37168911,2.10725955,2.609658035,0.55175231,-0.223055906,0.330016664,1.049607143,-1.027237008,15.00790512,,,,,,,,,,,,,,,,,,,,,,,,,,,,,,,,,,,,,,,,,,,,,,,,,,,,,,,,,,,,,,,,,,,,,,,,,,,,,,,,
-0.132727901,2.679024777,2.37168911,2.10725955,2.609658035,0.315945324,-0.551437011,0.069093058,1.049607143,-1.027237008,40.67066673,,,,,,,,,,,,,,,,,,,,,,,,,,,,,,,,,,,,,,,,,,,,,,,,,,,,,,,,,,,,,,,,,,,,,,,,,,,,,,,,
-0.132727901,2.679024777,2.37168911,2.10725955,2.609658035,0.52249293,0.192893493,0.284218185,1.049607143,-1.027237008,10.03471889,,,,,,,,,,,,,,,,,,,,,,,,,,,,,,,,,,,,,,,,,,,,,,,,,,,,,,,,,,,,,,,,,,,,,,,,,,,,,,,,
-0.132727901,2.679024777,2.37168911,2.10725955,2.609658035,0.516614813,-0.252245338,0.339504795,1.049607143,-1.027237008,44.50757189,,,,,,,,,,,,,,,,,,,,,,,,,,,,,,,,,,,,,,,,,,,,,,,,,,,,,,,,,,,,,,,,,,,,,,,,,,,,,,,,
-0.132727901,2.679024777,2.37168911,2.10725955,2.609658035,-1.454102848,-1.259280726,-1.670884223,1.049607143,-1.027237008,50.81226991,,,,,,,,,,,,,,,,,,,,,,,,,,,,,,,,,,,,,,,,,,,,,,,,,,,,,,,,,,,,,,,,,,,,,,,,,,,,,,,,
-0.132727901,2.679024777,2.37168911,2.10725955,2.609658035,0.539523726,0.794925519,0.266519171,1.049607143,-1.027237008,13.26153778,,,,,,,,,,,,,,,,,,,,,,,,,,,,,,,,,,,,,,,,,,,,,,,,,,,,,,,,,,,,,,,,,,,,,,,,,,,,,,,,
-0.132727901,2.679024777,2.37168911,2.10725955,2.609658035,0.536059836,0.025054262,0.324725206,1.049607143,-1.027237008,66.43295508,,,,,,,,,,,,,,,,,,,,,,,,,,,,,,,,,,,,,,,,,,,,,,,,,,,,,,,,,,,,,,,,,,,,,,,,,,,,,,,,
-0.132727901,2.679024777,2.37168911,2.10725955,2.609658035,-0.70267473,-0.390895137,0.29881531,1.049607143,-1.027237008,69.21564786,,,,,,,,,,,,,,,,,,,,,,,,,,,,,,,,,,,,,,,,,,,,,,,,,,,,,,,,,,,,,,,,,,,,,,,,,,,,,,,,
-0.132727901,2.679024777,2.37168911,2.10725955,2.609658035,0.592794167,2.075611828,0.199189933,1.049607143,-1.027237008,16.47592229,,,,,,,,,,,,,,,,,,,,,,,,,,,,,,,,,,,,,,,,,,,,,,,,,,,,,,,,,,,,,,,,,,,,,,,,,,,,,,,,
-0.132727901,2.679024777,2.37168911,2.10725955,2.609658035,0.599118392,1.437093013,0.26962106,1.049607143,-1.027237008,19.59466142,,,,,,,,,,,,,,,,,,,,,,,,,,,,,,,,,,,,,,,,,,,,,,,,,,,,,,,,,,,,,,,,,,,,,,,,,,,,,,,,
-0.132727901,2.679024777,2.37168911,2.10725955,2.609658035,-2.966169883,0.82411495,1.28923023,1.049607143,-1.027237008,19.12358264,,,,,,,,,,,,,,,,,,,,,,,,,,,,,,,,,,,,,,,,,,,,,,,,,,,,,,,,,,,,,,,,,,,,,,,,,,,,,,,,
-0.132727901,2.679024777,2.37168911,2.10725955,2.609658035,0.540337216,-0.34711099,0.37253079,1.049607143,-1.027237008,37.0158274,,,,,,,,,,,,,,,,,,,,,,,,,,,,,,,,,,,,,,,,,,,,,,,,,,,,,,,,,,,,,,,,,,,,,,,,,,,,,,,,
-0.132727901,2.679024777,2.37168911,2.10725955,2.609658035,0.53826413,-0.992927163,0.430006969,1.049607143,-1.027237008,10.02539168,,,,,,,,,,,,,,,,,,,,,,,,,,,,,,,,,,,,,,,,,,,,,,,,,,,,,,,,,,,,,,,,,,,,,,,,,,,,,,,,
-0.132727901,2.679024777,2.37168911,2.10725955,2.609658035,-0.684174404,-1.916042935,-3.075127632,1.049607143,-1.027237008,41.01536377,,,,,,,,,,,,,,,,,,,,,,,,,,,,,,,,,,,,,,,,,,,,,,,,,,,,,,,,,,,,,,,,,,,,,,,,,,,,,,,,
-0.132727901,2.679024777,2.37168911,2.10725955,2.609658035,0.554219021,0.58330214,0.272540485,1.049607143,-1.027237008,17.88950545,,,,,,,,,,,,,,,,,,,,,,,,,,,,,,,,,,,,,,,,,,,,,,,,,,,,,,,,,,,,,,,,,,,,,,,,,,,,,,,,
-0.132727901,2.679024777,2.37168911,2.10725955,2.609658035,0.55175231,-0.223055906,0.330016664,1.049607143,-1.027237008,30.84474943,,,,,,,,,,,,,,,,,,,,,,,,,,,,,,,,,,,,,,,,,,,,,,,,,,,,,,,,,,,,,,,,,,,,,,,,,,,,,,,,
-0.132727901,2.679024777,2.37168911,2.10725955,2.609658035,0.315945324,-0.551437011,0.069093058,1.049607143,-1.027237008,42.94679968,,,,,,,,,,,,,,,,,,,,,,,,,,,,,,,,,,,,,,,,,,,,,,,,,,,,,,,,,,,,,,,,,,,,,,,,,,,,,,,,
-0.132727901,2.679024777,2.37168911,2.10725955,2.609658035,0.52249293,0.192893493,0.284218185,1.049607143,-1.027237008,39.22831543,,,,,,,,,,,,,,,,,,,,,,,,,,,,,,,,,,,,,,,,,,,,,,,,,,,,,,,,,,,,,,,,,,,,,,,,,,,,,,,,
-0.132727901,2.679024777,2.37168911,2.10725955,2.609658035,0.516614813,-0.252245338,0.339504795,1.049607143,-1.027237008,47.13740479,,,,,,,,,,,,,,,,,,,,,,,,,,,,,,,,,,,,,,,,,,,,,,,,,,,,,,,,,,,,,,,,,,,,,,,,,,,,,,,,
-0.132727901,2.679024777,2.37168911,2.10725955,2.609658035,-1.454102848,-1.259280726,-1.670884223,1.049607143,-1.027237008,49.46765787,,,,,,,,,,,,,,,,,,,,,,,,,,,,,,,,,,,,,,,,,,,,,,,,,,,,,,,,,,,,,,,,,,,,,,,,,,,,,,,,
-0.132727901,2.679024777,2.37168911,2.10725955,2.609658035,0.539523726,0.794925519,0.266519171,1.049607143,-1.027237008,6.262930072,,,,,,,,,,,,,,,,,,,,,,,,,,,,,,,,,,,,,,,,,,,,,,,,,,,,,,,,,,,,,,,,,,,,,,,,,,,,,,,,
-0.132727901,2.679024777,2.37168911,2.10725955,2.609658035,0.536059836,0.025054262,0.324725206,1.049607143,-1.027237008,24.92429214,,,,,,,,,,,,,,,,,,,,,,,,,,,,,,,,,,,,,,,,,,,,,,,,,,,,,,,,,,,,,,,,,,,,,,,,,,,,,,,,
-0.132727901,2.679024777,2.37168911,2.10725955,2.609658035,-0.70267473,-0.390895137,0.29881531,1.049607143,-1.027237008,29.29928272,,,,,,,,,,,,,,,,,,,,,,,,,,,,,,,,,,,,,,,,,,,,,,,,,,,,,,,,,,,,,,,,,,,,,,,,,,,,,,,,
-0.132727901,2.679024777,2.37168911,2.10725955,2.609658035,0.592794167,2.075611828,0.199189933,1.049607143,-1.027237008,26.0695387,,,,,,,,,,,,,,,,,,,,,,,,,,,,,,,,,,,,,,,,,,,,,,,,,,,,,,,,,,,,,,,,,,,,,,,,,,,,,,,,
-0.132727901,2.679024777,2.37168911,2.10725955,2.609658035,0.599118392,1.437093013,0.26962106,1.049607143,-1.027237008,40.32928262,,,,,,,,,,,,,,,,,,,,,,,,,,,,,,,,,,,,,,,,,,,,,,,,,,,,,,,,,,,,,,,,,,,,,,,,,,,,,,,,
-0.132727901,2.679024777,2.37168911,2.10725955,2.609658035,-2.966169883,0.82411495,1.28923023,1.049607143,-1.027237008,46.57912629,,,,,,,,,,,,,,,,,,,,,,,,,,,,,,,,,,,,,,,,,,,,,,,,,,,,,,,,,,,,,,,,,,,,,,,,,,,,,,,,
-0.132727901,2.679024777,2.37168911,2.10725955,2.609658035,0.540337216,-0.34711099,0.37253079,1.049607143,-1.027237008,10.87603871,,,,,,,,,,,,,,,,,,,,,,,,,,,,,,,,,,,,,,,,,,,,,,,,,,,,,,,,,,,,,,,,,,,,,,,,,,,,,,,,
-0.132727901,2.679024777,2.37168911,2.10725955,2.609658035,0.53826413,-0.992927163,0.430006969,1.049607143,-1.027237008,19.12422917,,,,,,,,,,,,,,,,,,,,,,,,,,,,,,,,,,,,,,,,,,,,,,,,,,,,,,,,,,,,,,,,,,,,,,,,,,,,,,,,
-0.132727901,2.679024777,2.37168911,2.10725955,2.609658035,-0.684174404,-1.916042935,-3.075127632,1.049607143,-1.027237008,30.41179661,,,,,,,,,,,,,,,,,,,,,,,,,,,,,,,,,,,,,,,,,,,,,,,,,,,,,,,,,,,,,,,,,,,,,,,,,,,,,,,,
-0.132727901,2.679024777,2.37168911,2.10725955,2.609658035,0.554219021,0.58330214,0.272540485,1.049607143,-1.027237008,12.69227905,,,,,,,,,,,,,,,,,,,,,,,,,,,,,,,,,,,,,,,,,,,,,,,,,,,,,,,,,,,,,,,,,,,,,,,,,,,,,,,,
-0.132727901,2.679024777,2.37168911,2.10725955,2.609658035,0.55175231,-0.223055906,0.330016664,1.049607143,-1.027237008,24.01338043,,,,,,,,,,,,,,,,,,,,,,,,,,,,,,,,,,,,,,,,,,,,,,,,,,,,,,,,,,,,,,,,,,,,,,,,,,,,,,,,
-0.132727901,2.679024777,2.37168911,2.10725955,2.609658035,0.315945324,-0.551437011,0.069093058,1.049607143,-1.027237008,38.95047983,,,,,,,,,,,,,,,,,,,,,,,,,,,,,,,,,,,,,,,,,,,,,,,,,,,,,,,,,,,,,,,,,,,,,,,,,,,,,,,,
-0.132727901,2.679024777,2.37168911,2.10725955,2.609658035,0.52249293,0.192893493,0.284218185,1.049607143,-1.027237008,38.99137319,,,,,,,,,,,,,,,,,,,,,,,,,,,,,,,,,,,,,,,,,,,,,,,,,,,,,,,,,,,,,,,,,,,,,,,,,,,,,,,,
-0.132727901,2.679024777,2.37168911,2.10725955,2.609658035,0.516614813,-0.252245338,0.339504795,1.049607143,-1.027237008,45.82883908,,,,,,,,,,,,,,,,,,,,,,,,,,,,,,,,,,,,,,,,,,,,,,,,,,,,,,,,,,,,,,,,,,,,,,,,,,,,,,,,
-0.132727901,2.679024777,2.37168911,2.10725955,2.609658035,-1.454102848,-1.259280726,-1.670884223,1.049607143,-1.027237008,50.09626002,,,,,,,,,,,,,,,,,,,,,,,,,,,,,,,,,,,,,,,,,,,,,,,,,,,,,,,,,,,,,,,,,,,,,,,,,,,,,,,,
-0.132727901,2.679024777,2.37168911,2.10725955,2.609658035,0.539523726,0.794925519,0.266519171,1.049607143,-1.027237008,5.967393026,,,,,,,,,,,,,,,,,,,,,,,,,,,,,,,,,,,,,,,,,,,,,,,,,,,,,,,,,,,,,,,,,,,,,,,,,,,,,,,,
-0.132727901,2.679024777,2.37168911,2.10725955,2.609658035,0.536059836,0.025054262,0.324725206,1.049607143,-1.027237008,28.83921229,,,,,,,,,,,,,,,,,,,,,,,,,,,,,,,,,,,,,,,,,,,,,,,,,,,,,,,,,,,,,,,,,,,,,,,,,,,,,,,,
-0.132727901,2.679024777,2.37168911,2.10725955,2.609658035,-0.70267473,-0.390895137,0.29881531,1.049607143,-1.027237008,55.76912496,,,,,,,,,,,,,,,,,,,,,,,,,,,,,,,,,,,,,,,,,,,,,,,,,,,,,,,,,,,,,,,,,,,,,,,,,,,,,,,,
-0.132727901,2.679024777,2.37168911,2.10725955,2.609658035,0.592794167,2.075611828,0.199189933,1.049607143,-1.027237008,27.19452945,,,,,,,,,,,,,,,,,,,,,,,,,,,,,,,,,,,,,,,,,,,,,,,,,,,,,,,,,,,,,,,,,,,,,,,,,,,,,,,,
-0.132727901,2.679024777,2.37168911,2.10725955,2.609658035,0.599118392,1.437093013,0.26962106,1.049607143,-1.027237008,55.41075316,,,,,,,,,,,,,,,,,,,,,,,,,,,,,,,,,,,,,,,,,,,,,,,,,,,,,,,,,,,,,,,,,,,,,,,,,,,,,,,,
-0.132727901,2.679024777,2.37168911,2.10725955,2.609658035,-2.966169883,0.82411495,1.28923023,1.049607143,-1.027237008,64.88423444,,,,,,,,,,,,,,,,,,,,,,,,,,,,,,,,,,,,,,,,,,,,,,,,,,,,,,,,,,,,,,,,,,,,,,,,,,,,,,,,
-0.132727901,2.679024777,2.37168911,2.10725955,2.609658035,0.540337216,-0.34711099,0.37253079,1.049607143,-1.027237008,7.65708472,,,,,,,,,,,,,,,,,,,,,,,,,,,,,,,,,,,,,,,,,,,,,,,,,,,,,,,,,,,,,,,,,,,,,,,,,,,,,,,,
-0.132727901,2.679024777,2.37168911,2.10725955,2.609658035,0.53826413,-0.992927163,0.430006969,1.049607143,-1.027237008,24.91728565,,,,,,,,,,,,,,,,,,,,,,,,,,,,,,,,,,,,,,,,,,,,,,,,,,,,,,,,,,,,,,,,,,,,,,,,,,,,,,,,
-0.132727901,2.679024777,2.37168911,2.10725955,2.609658035,-0.684174404,-1.916042935,-3.075127632,1.049607143,-1.027237008,43.47281583,,,,,,,,,,,,,,,,,,,,,,,,,,,,,,,,,,,,,,,,,,,,,,,,,,,,,,,,,,,,,,,,,,,,,,,,,,,,,,,,
-0.132727901,2.679024777,2.37168911,2.10725955,2.609658035,0.554219021,0.58330214,0.272540485,-1.32998585,-0.971867639,33.44709826,,,,,,,,,,,,,,,,,,,,,,,,,,,,,,,,,,,,,,,,,,,,,,,,,,,,,,,,,,,,,,,,,,,,,,,,,,,,,,,,
-0.132727901,2.679024777,2.37168911,2.10725955,2.609658035,0.55175231,-0.223055906,0.330016664,-1.32998585,-0.971867639,36.56526068,,,,,,,,,,,,,,,,,,,,,,,,,,,,,,,,,,,,,,,,,,,,,,,,,,,,,,,,,,,,,,,,,,,,,,,,,,,,,,,,
-0.132727901,2.679024777,2.37168911,2.10725955,2.609658035,0.315945324,-0.551437011,0.069093058,-1.32998585,-0.971867639,39.55792883,,,,,,,,,,,,,,,,,,,,,,,,,,,,,,,,,,,,,,,,,,,,,,,,,,,,,,,,,,,,,,,,,,,,,,,,,,,,,,,,
-0.132727901,2.679024777,2.37168911,2.10725955,2.609658035,0.52249293,0.192893493,0.284218185,-1.32998585,-0.971867639,8.38964842,,,,,,,,,,,,,,,,,,,,,,,,,,,,,,,,,,,,,,,,,,,,,,,,,,,,,,,,,,,,,,,,,,,,,,,,,,,,,,,,
-0.132727901,2.679024777,2.37168911,2.10725955,2.609658035,0.516614813,-0.252245338,0.339504795,-1.32998585,-0.971867639,65.92742304,,,,,,,,,,,,,,,,,,,,,,,,,,,,,,,,,,,,,,,,,,,,,,,,,,,,,,,,,,,,,,,,,,,,,,,,,,,,,,,,
-0.132727901,2.679024777,2.37168911,2.10725955,2.609658035,-1.454102848,-1.259280726,-1.670884223,-1.32998585,-0.971867639,63.53284655,,,,,,,,,,,,,,,,,,,,,,,,,,,,,,,,,,,,,,,,,,,,,,,,,,,,,,,,,,,,,,,,,,,,,,,,,,,,,,,,
-0.132727901,2.679024777,2.37168911,2.10725955,2.609658035,0.539523726,0.794925519,0.266519171,-1.32998585,-0.971867639,9.771808987,,,,,,,,,,,,,,,,,,,,,,,,,,,,,,,,,,,,,,,,,,,,,,,,,,,,,,,,,,,,,,,,,,,,,,,,,,,,,,,,
-0.132727901,2.679024777,2.37168911,2.10725955,2.609658035,0.536059836,0.025054262,0.324725206,-1.32998585,-0.971867639,64.80559966,,,,,,,,,,,,,,,,,,,,,,,,,,,,,,,,,,,,,,,,,,,,,,,,,,,,,,,,,,,,,,,,,,,,,,,,,,,,,,,,
-0.132727901,2.679024777,2.37168911,2.10725955,2.609658035,-0.70267473,-0.390895137,0.29881531,-1.32998585,-0.971867639,63.41514905,,,,,,,,,,,,,,,,,,,,,,,,,,,,,,,,,,,,,,,,,,,,,,,,,,,,,,,,,,,,,,,,,,,,,,,,,,,,,,,,
-0.132727901,2.679024777,2.37168911,2.10725955,2.609658035,0.592794167,2.075611828,0.199189933,-1.32998585,-0.971867639,62.46560879,,,,,,,,,,,,,,,,,,,,,,,,,,,,,,,,,,,,,,,,,,,,,,,,,,,,,,,,,,,,,,,,,,,,,,,,,,,,,,,,
-0.132727901,2.679024777,2.37168911,2.10725955,2.609658035,0.599118392,1.437093013,0.26962106,-1.32998585,-0.971867639,64.57811697,,,,,,,,,,,,,,,,,,,,,,,,,,,,,,,,,,,,,,,,,,,,,,,,,,,,,,,,,,,,,,,,,,,,,,,,,,,,,,,,
-0.132727901,2.679024777,2.37168911,2.10725955,2.609658035,-2.966169883,0.82411495,1.28923023,-1.32998585,-0.971867639,63.222267,,,,,,,,,,,,,,,,,,,,,,,,,,,,,,,,,,,,,,,,,,,,,,,,,,,,,,,,,,,,,,,,,,,,,,,,,,,,,,,,
-0.132727901,2.679024777,2.37168911,2.10725955,2.609658035,0.540337216,-0.34711099,0.37253079,-1.32998585,-0.971867639,65.3367146,,,,,,,,,,,,,,,,,,,,,,,,,,,,,,,,,,,,,,,,,,,,,,,,,,,,,,,,,,,,,,,,,,,,,,,,,,,,,,,,
-0.132727901,2.679024777,2.37168911,2.10725955,2.609658035,0.53826413,-0.992927163,0.430006969,-1.32998585,-0.971867639,72.70586315,,,,,,,,,,,,,,,,,,,,,,,,,,,,,,,,,,,,,,,,,,,,,,,,,,,,,,,,,,,,,,,,,,,,,,,,,,,,,,,,
-0.132727901,2.679024777,2.37168911,2.10725955,2.609658035,-0.684174404,-1.916042935,-3.075127632,-1.32998585,-0.971867639,76.79526891,,,,,,,,,,,,,,,,,,,,,,,,,,,,,,,,,,,,,,,,,,,,,,,,,,,,,,,,,,,,,,,,,,,,,,,,,,,,,,,,
-0.132727901,2.679024777,2.37168911,2.10725955,2.609658035,0.554219021,0.58330214,0.272540485,-1.32998585,-0.971867639,33.27025402,,,,,,,,,,,,,,,,,,,,,,,,,,,,,,,,,,,,,,,,,,,,,,,,,,,,,,,,,,,,,,,,,,,,,,,,,,,,,,,,
-0.132727901,2.679024777,2.37168911,2.10725955,2.609658035,0.55175231,-0.223055906,0.330016664,-1.32998585,-0.971867639,39.35320613,,,,,,,,,,,,,,,,,,,,,,,,,,,,,,,,,,,,,,,,,,,,,,,,,,,,,,,,,,,,,,,,,,,,,,,,,,,,,,,,
-0.132727901,2.679024777,2.37168911,2.10725955,2.609658035,0.315945324,-0.551437011,0.069093058,-1.32998585,-0.971867639,39.02512557,,,,,,,,,,,,,,,,,,,,,,,,,,,,,,,,,,,,,,,,,,,,,,,,,,,,,,,,,,,,,,,,,,,,,,,,,,,,,,,,
-0.132727901,2.679024777,2.37168911,2.10725955,2.609658035,0.52249293,0.192893493,0.284218185,-1.32998585,-0.971867639,41.03794598,,,,,,,,,,,,,,,,,,,,,,,,,,,,,,,,,,,,,,,,,,,,,,,,,,,,,,,,,,,,,,,,,,,,,,,,,,,,,,,,
-0.132727901,2.679024777,2.37168911,2.10725955,2.609658035,0.516614813,-0.252245338,0.339504795,-1.32998585,-0.971867639,57.95486785,,,,,,,,,,,,,,,,,,,,,,,,,,,,,,,,,,,,,,,,,,,,,,,,,,,,,,,,,,,,,,,,,,,,,,,,,,,,,,,,
-0.132727901,2.679024777,2.37168911,2.10725955,2.609658035,-1.454102848,-1.259280726,-1.670884223,-1.32998585,-0.971867639,52.14546944,,,,,,,,,,,,,,,,,,,,,,,,,,,,,,,,,,,,,,,,,,,,,,,,,,,,,,,,,,,,,,,,,,,,,,,,,,,,,,,,
-0.132727901,2.679024777,2.37168911,2.10725955,2.609658035,0.539523726,0.794925519,0.266519171,-1.32998585,-0.971867639,5.06261629,,,,,,,,,,,,,,,,,,,,,,,,,,,,,,,,,,,,,,,,,,,,,,,,,,,,,,,,,,,,,,,,,,,,,,,,,,,,,,,,
-0.132727901,2.679024777,2.37168911,2.10725955,2.609658035,0.536059836,0.025054262,0.324725206,-1.32998585,-0.971867639,57.19204969,,,,,,,,,,,,,,,,,,,,,,,,,,,,,,,,,,,,,,,,,,,,,,,,,,,,,,,,,,,,,,,,,,,,,,,,,,,,,,,,
-0.132727901,2.679024777,2.37168911,2.10725955,2.609658035,-0.70267473,-0.390895137,0.29881531,-1.32998585,-0.971867639,59.81582481,,,,,,,,,,,,,,,,,,,,,,,,,,,,,,,,,,,,,,,,,,,,,,,,,,,,,,,,,,,,,,,,,,,,,,,,,,,,,,,,
-0.132727901,2.679024777,2.37168911,2.10725955,2.609658035,0.592794167,2.075611828,0.199189933,-1.32998585,-0.971867639,62.39976577,,,,,,,,,,,,,,,,,,,,,,,,,,,,,,,,,,,,,,,,,,,,,,,,,,,,,,,,,,,,,,,,,,,,,,,,,,,,,,,,
-0.132727901,2.679024777,2.37168911,2.10725955,2.609658035,0.599118392,1.437093013,0.26962106,-1.32998585,-0.971867639,66.50686069,,,,,,,,,,,,,,,,,,,,,,,,,,,,,,,,,,,,,,,,,,,,,,,,,,,,,,,,,,,,,,,,,,,,,,,,,,,,,,,,
-0.132727901,2.679024777,2.37168911,2.10725955,2.609658035,-2.966169883,0.82411495,1.28923023,-1.32998585,-0.971867639,62.22086343,,,,,,,,,,,,,,,,,,,,,,,,,,,,,,,,,,,,,,,,,,,,,,,,,,,,,,,,,,,,,,,,,,,,,,,,,,,,,,,,
-0.132727901,2.679024777,2.37168911,2.10725955,2.609658035,0.540337216,-0.34711099,0.37253079,-1.32998585,-0.971867639,37.522573,,,,,,,,,,,,,,,,,,,,,,,,,,,,,,,,,,,,,,,,,,,,,,,,,,,,,,,,,,,,,,,,,,,,,,,,,,,,,,,,
-0.132727901,2.679024777,2.37168911,2.10725955,2.609658035,0.53826413,-0.992927163,0.430006969,-1.32998585,-0.971867639,60.65973957,,,,,,,,,,,,,,,,,,,,,,,,,,,,,,,,,,,,,,,,,,,,,,,,,,,,,,,,,,,,,,,,,,,,,,,,,,,,,,,,
-0.132727901,2.679024777,2.37168911,2.10725955,2.609658035,-0.684174404,-1.916042935,-3.075127632,-1.32998585,-0.971867639,65.9488999,,,,,,,,,,,,,,,,,,,,,,,,,,,,,,,,,,,,,,,,,,,,,,,,,,,,,,,,,,,,,,,,,,,,,,,,,,,,,,,,
-0.132727901,2.679024777,2.37168911,2.10725955,2.609658035,0.554219021,0.58330214,0.272540485,-1.32998585,-0.971867639,37.07516302,,,,,,,,,,,,,,,,,,,,,,,,,,,,,,,,,,,,,,,,,,,,,,,,,,,,,,,,,,,,,,,,,,,,,,,,,,,,,,,,
-0.132727901,2.679024777,2.37168911,2.10725955,2.609658035,0.55175231,-0.223055906,0.330016664,-1.32998585,-0.971867639,39.89366621,,,,,,,,,,,,,,,,,,,,,,,,,,,,,,,,,,,,,,,,,,,,,,,,,,,,,,,,,,,,,,,,,,,,,,,,,,,,,,,,
-0.132727901,2.679024777,2.37168911,2.10725955,2.609658035,0.315945324,-0.551437011,0.069093058,-1.32998585,-0.971867639,41.55598689,,,,,,,,,,,,,,,,,,,,,,,,,,,,,,,,,,,,,,,,,,,,,,,,,,,,,,,,,,,,,,,,,,,,,,,,,,,,,,,,
-0.132727901,2.679024777,2.37168911,2.10725955,2.609658035,0.52249293,0.192893493,0.284218185,-1.32998585,-0.971867639,42.0580413,,,,,,,,,,,,,,,,,,,,,,,,,,,,,,,,,,,,,,,,,,,,,,,,,,,,,,,,,,,,,,,,,,,,,,,,,,,,,,,,
-0.132727901,2.679024777,2.37168911,2.10725955,2.609658035,0.516614813,-0.252245338,0.339504795,-1.32998585,-0.971867639,66.26538653,,,,,,,,,,,,,,,,,,,,,,,,,,,,,,,,,,,,,,,,,,,,,,,,,,,,,,,,,,,,,,,,,,,,,,,,,,,,,,,,
-0.132727901,2.679024777,2.37168911,2.10725955,2.609658035,-1.454102848,-1.259280726,-1.670884223,-1.32998585,-0.971867639,56.80622374,,,,,,,,,,,,,,,,,,,,,,,,,,,,,,,,,,,,,,,,,,,,,,,,,,,,,,,,,,,,,,,,,,,,,,,,,,,,,,,,
-0.132727901,2.679024777,2.37168911,2.10725955,2.609658035,0.539523726,0.794925519,0.266519171,-1.32998585,-0.971867639,5.460903942,,,,,,,,,,,,,,,,,,,,,,,,,,,,,,,,,,,,,,,,,,,,,,,,,,,,,,,,,,,,,,,,,,,,,,,,,,,,,,,,
-0.132727901,2.679024777,2.37168911,2.10725955,2.609658035,0.536059836,0.025054262,0.324725206,-1.32998585,-0.971867639,69.07936453,,,,,,,,,,,,,,,,,,,,,,,,,,,,,,,,,,,,,,,,,,,,,,,,,,,,,,,,,,,,,,,,,,,,,,,,,,,,,,,,
-0.132727901,2.679024777,2.37168911,2.10725955,2.609658035,-0.70267473,-0.390895137,0.29881531,-1.32998585,-0.971867639,67.52036403,,,,,,,,,,,,,,,,,,,,,,,,,,,,,,,,,,,,,,,,,,,,,,,,,,,,,,,,,,,,,,,,,,,,,,,,,,,,,,,,
-0.132727901,2.679024777,2.37168911,2.10725955,2.609658035,0.592794167,2.075611828,0.199189933,-1.32998585,-0.971867639,84.81458604,,,,,,,,,,,,,,,,,,,,,,,,,,,,,,,,,,,,,,,,,,,,,,,,,,,,,,,,,,,,,,,,,,,,,,,,,,,,,,,,
-0.132727901,2.679024777,2.37168911,2.10725955,2.609658035,0.599118392,1.437093013,0.26962106,-1.32998585,-0.971867639,83.82537223,,,,,,,,,,,,,,,,,,,,,,,,,,,,,,,,,,,,,,,,,,,,,,,,,,,,,,,,,,,,,,,,,,,,,,,,,,,,,,,,
-0.132727901,2.679024777,2.37168911,2.10725955,2.609658035,-2.966169883,0.82411495,1.28923023,-1.32998585,-0.971867639,85.99469652,,,,,,,,,,,,,,,,,,,,,,,,,,,,,,,,,,,,,,,,,,,,,,,,,,,,,,,,,,,,,,,,,,,,,,,,,,,,,,,,
-0.132727901,2.679024777,2.37168911,2.10725955,2.609658035,0.540337216,-0.34711099,0.37253079,-1.32998585,-0.971867639,45.19876304,,,,,,,,,,,,,,,,,,,,,,,,,,,,,,,,,,,,,,,,,,,,,,,,,,,,,,,,,,,,,,,,,,,,,,,,,,,,,,,,
-0.132727901,2.679024777,2.37168911,2.10725955,2.609658035,0.53826413,-0.992927163,0.430006969,-1.32998585,-0.971867639,78.63353277,,,,,,,,,,,,,,,,,,,,,,,,,,,,,,,,,,,,,,,,,,,,,,,,,,,,,,,,,,,,,,,,,,,,,,,,,,,,,,,,
-0.132727901,2.679024777,2.37168911,2.10725955,2.609658035,-0.684174404,-1.916042935,-3.075127632,-1.32998585,-0.971867639,81.63071985,,,,,,,,,,,,,,,,,,,,,,,,,,,,,,,,,,,,,,,,,,,,,,,,,,,,,,,,,,,,,,,,,,,,,,,,,,,,,,,,
-0.132727901,2.679024777,2.37168911,2.10725955,2.609658035,0.554219021,0.58330214,0.272540485,-0.597762635,1.02232979,14.29478531,,,,,,,,,,,,,,,,,,,,,,,,,,,,,,,,,,,,,,,,,,,,,,,,,,,,,,,,,,,,,,,,,,,,,,,,,,,,,,,,
-0.132727901,2.679024777,2.37168911,2.10725955,2.609658035,0.55175231,-0.223055906,0.330016664,-0.597762635,1.02232979,28.32846401,,,,,,,,,,,,,,,,,,,,,,,,,,,,,,,,,,,,,,,,,,,,,,,,,,,,,,,,,,,,,,,,,,,,,,,,,,,,,,,,
-0.132727901,2.679024777,2.37168911,2.10725955,2.609658035,0.315945324,-0.551437011,0.069093058,-0.597762635,1.02232979,36.31466019,,,,,,,,,,,,,,,,,,,,,,,,,,,,,,,,,,,,,,,,,,,,,,,,,,,,,,,,,,,,,,,,,,,,,,,,,,,,,,,,
-0.132727901,2.679024777,2.37168911,2.10725955,2.609658035,0.52249293,0.192893493,0.284218185,-0.597762635,1.02232979,7.206982067,,,,,,,,,,,,,,,,,,,,,,,,,,,,,,,,,,,,,,,,,,,,,,,,,,,,,,,,,,,,,,,,,,,,,,,,,,,,,,,,
-0.132727901,2.679024777,2.37168911,2.10725955,2.609658035,0.516614813,-0.252245338,0.339504795,-0.597762635,1.02232979,57.87284649,,,,,,,,,,,,,,,,,,,,,,,,,,,,,,,,,,,,,,,,,,,,,,,,,,,,,,,,,,,,,,,,,,,,,,,,,,,,,,,,
-0.132727901,2.679024777,2.37168911,2.10725955,2.609658035,-1.454102848,-1.259280726,-1.670884223,-0.597762635,1.02232979,60.98476598,,,,,,,,,,,,,,,,,,,,,,,,,,,,,,,,,,,,,,,,,,,,,,,,,,,,,,,,,,,,,,,,,,,,,,,,,,,,,,,,
-0.132727901,2.679024777,2.37168911,2.10725955,2.609658035,0.539523726,0.794925519,0.266519171,-0.597762635,1.02232979,9.444894792,,,,,,,,,,,,,,,,,,,,,,,,,,,,,,,,,,,,,,,,,,,,,,,,,,,,,,,,,,,,,,,,,,,,,,,,,,,,,,,,
-0.132727901,2.679024777,2.37168911,2.10725955,2.609658035,0.536059836,0.025054262,0.324725206,-0.597762635,1.02232979,65.10791868,,,,,,,,,,,,,,,,,,,,,,,,,,,,,,,,,,,,,,,,,,,,,,,,,,,,,,,,,,,,,,,,,,,,,,,,,,,,,,,,
-0.132727901,2.679024777,2.37168911,2.10725955,2.609658035,-0.70267473,-0.390895137,0.29881531,-0.597762635,1.02232979,72.37220718,,,,,,,,,,,,,,,,,,,,,,,,,,,,,,,,,,,,,,,,,,,,,,,,,,,,,,,,,,,,,,,,,,,,,,,,,,,,,,,,
-0.132727901,2.679024777,2.37168911,2.10725955,2.609658035,0.592794167,2.075611828,0.199189933,-0.597762635,1.02232979,78.76794462,,,,,,,,,,,,,,,,,,,,,,,,,,,,,,,,,,,,,,,,,,,,,,,,,,,,,,,,,,,,,,,,,,,,,,,,,,,,,,,,
-0.132727901,2.679024777,2.37168911,2.10725955,2.609658035,0.599118392,1.437093013,0.26962106,-0.597762635,1.02232979,77.82985513,,,,,,,,,,,,,,,,,,,,,,,,,,,,,,,,,,,,,,,,,,,,,,,,,,,,,,,,,,,,,,,,,,,,,,,,,,,,,,,,
-0.132727901,2.679024777,2.37168911,2.10725955,2.609658035,-2.966169883,0.82411495,1.28923023,-0.597762635,1.02232979,79.30639259,,,,,,,,,,,,,,,,,,,,,,,,,,,,,,,,,,,,,,,,,,,,,,,,,,,,,,,,,,,,,,,,,,,,,,,,,,,,,,,,
-0.132727901,2.679024777,2.37168911,2.10725955,2.609658035,0.540337216,-0.34711099,0.37253079,-0.597762635,1.02232979,6.010382761,,,,,,,,,,,,,,,,,,,,,,,,,,,,,,,,,,,,,,,,,,,,,,,,,,,,,,,,,,,,,,,,,,,,,,,,,,,,,,,,
-0.132727901,2.679024777,2.37168911,2.10725955,2.609658035,0.53826413,-0.992927163,0.430006969,-0.597762635,1.02232979,37.26514805,,,,,,,,,,,,,,,,,,,,,,,,,,,,,,,,,,,,,,,,,,,,,,,,,,,,,,,,,,,,,,,,,,,,,,,,,,,,,,,,
-0.132727901,2.679024777,2.37168911,2.10725955,2.609658035,-0.684174404,-1.916042935,-3.075127632,-0.597762635,1.02232979,54.37431586,,,,,,,,,,,,,,,,,,,,,,,,,,,,,,,,,,,,,,,,,,,,,,,,,,,,,,,,,,,,,,,,,,,,,,,,,,,,,,,,
-0.132727901,2.679024777,2.37168911,2.10725955,2.609658035,0.554219021,0.58330214,0.272540485,-0.597762635,1.02232979,27.94500953,,,,,,,,,,,,,,,,,,,,,,,,,,,,,,,,,,,,,,,,,,,,,,,,,,,,,,,,,,,,,,,,,,,,,,,,,,,,,,,,
-0.132727901,2.679024777,2.37168911,2.10725955,2.609658035,0.55175231,-0.223055906,0.330016664,-0.597762635,1.02232979,36.81475234,,,,,,,,,,,,,,,,,,,,,,,,,,,,,,,,,,,,,,,,,,,,,,,,,,,,,,,,,,,,,,,,,,,,,,,,,,,,,,,,
-0.132727901,2.679024777,2.37168911,2.10725955,2.609658035,0.315945324,-0.551437011,0.069093058,-0.597762635,1.02232979,36.76661903,,,,,,,,,,,,,,,,,,,,,,,,,,,,,,,,,,,,,,,,,,,,,,,,,,,,,,,,,,,,,,,,,,,,,,,,,,,,,,,,
-0.132727901,2.679024777,2.37168911,2.10725955,2.609658035,0.52249293,0.192893493,0.284218185,-0.597762635,1.02232979,39.97323526,,,,,,,,,,,,,,,,,,,,,,,,,,,,,,,,,,,,,,,,,,,,,,,,,,,,,,,,,,,,,,,,,,,,,,,,,,,,,,,,
-0.132727901,2.679024777,2.37168911,2.10725955,2.609658035,0.516614813,-0.252245338,0.339504795,-0.597762635,1.02232979,57.13220837,,,,,,,,,,,,,,,,,,,,,,,,,,,,,,,,,,,,,,,,,,,,,,,,,,,,,,,,,,,,,,,,,,,,,,,,,,,,,,,,
-0.132727901,2.679024777,2.37168911,2.10725955,2.609658035,-1.454102848,-1.259280726,-1.670884223,-0.597762635,1.02232979,60.30536067,,,,,,,,,,,,,,,,,,,,,,,,,,,,,,,,,,,,,,,,,,,,,,,,,,,,,,,,,,,,,,,,,,,,,,,,,,,,,,,,
-0.132727901,2.679024777,2.37168911,2.10725955,2.609658035,0.539523726,0.794925519,0.266519171,-0.597762635,1.02232979,7.74850436,,,,,,,,,,,,,,,,,,,,,,,,,,,,,,,,,,,,,,,,,,,,,,,,,,,,,,,,,,,,,,,,,,,,,,,,,,,,,,,,
-0.132727901,2.679024777,2.37168911,2.10725955,2.609658035,0.536059836,0.025054262,0.324725206,-0.597762635,1.02232979,57.9781308,,,,,,,,,,,,,,,,,,,,,,,,,,,,,,,,,,,,,,,,,,,,,,,,,,,,,,,,,,,,,,,,,,,,,,,,,,,,,,,,
-0.132727901,2.679024777,2.37168911,2.10725955,2.609658035,-0.70267473,-0.390895137,0.29881531,-0.597762635,1.02232979,66.51493362,,,,,,,,,,,,,,,,,,,,,,,,,,,,,,,,,,,,,,,,,,,,,,,,,,,,,,,,,,,,,,,,,,,,,,,,,,,,,,,,
-0.132727901,2.679024777,2.37168911,2.10725955,2.609658035,0.592794167,2.075611828,0.199189933,-0.597762635,1.02232979,58.92871095,,,,,,,,,,,,,,,,,,,,,,,,,,,,,,,,,,,,,,,,,,,,,,,,,,,,,,,,,,,,,,,,,,,,,,,,,,,,,,,,
-0.132727901,2.679024777,2.37168911,2.10725955,2.609658035,0.599118392,1.437093013,0.26962106,-0.597762635,1.02232979,59.21092574,,,,,,,,,,,,,,,,,,,,,,,,,,,,,,,,,,,,,,,,,,,,,,,,,,,,,,,,,,,,,,,,,,,,,,,,,,,,,,,,
-0.132727901,2.679024777,2.37168911,2.10725955,2.609658035,-2.966169883,0.82411495,1.28923023,-0.597762635,1.02232979,60.412252,,,,,,,,,,,,,,,,,,,,,,,,,,,,,,,,,,,,,,,,,,,,,,,,,,,,,,,,,,,,,,,,,,,,,,,,,,,,,,,,
-0.132727901,2.679024777,2.37168911,2.10725955,2.609658035,0.540337216,-0.34711099,0.37253079,-0.597762635,1.02232979,32.73462184,,,,,,,,,,,,,,,,,,,,,,,,,,,,,,,,,,,,,,,,,,,,,,,,,,,,,,,,,,,,,,,,,,,,,,,,,,,,,,,,
-0.132727901,2.679024777,2.37168911,2.10725955,2.609658035,0.53826413,-0.992927163,0.430006969,-0.597762635,1.02232979,59.47851607,,,,,,,,,,,,,,,,,,,,,,,,,,,,,,,,,,,,,,,,,,,,,,,,,,,,,,,,,,,,,,,,,,,,,,,,,,,,,,,,
-0.132727901,2.679024777,2.37168911,2.10725955,2.609658035,-0.684174404,-1.916042935,-3.075127632,-0.597762635,1.02232979,64.00575958,,,,,,,,,,,,,,,,,,,,,,,,,,,,,,,,,,,,,,,,,,,,,,,,,,,,,,,,,,,,,,,,,,,,,,,,,,,,,,,,
-0.132727901,2.679024777,2.37168911,2.10725955,2.609658035,0.554219021,0.58330214,0.272540485,-0.597762635,1.02232979,29.60669897,,,,,,,,,,,,,,,,,,,,,,,,,,,,,,,,,,,,,,,,,,,,,,,,,,,,,,,,,,,,,,,,,,,,,,,,,,,,,,,,
-0.132727901,2.679024777,2.37168911,2.10725955,2.609658035,0.55175231,-0.223055906,0.330016664,-0.597762635,1.02232979,38.03109863,,,,,,,,,,,,,,,,,,,,,,,,,,,,,,,,,,,,,,,,,,,,,,,,,,,,,,,,,,,,,,,,,,,,,,,,,,,,,,,,
-0.132727901,2.679024777,2.37168911,2.10725955,2.609658035,0.315945324,-0.551437011,0.069093058,-0.597762635,1.02232979,41.71330917,,,,,,,,,,,,,,,,,,,,,,,,,,,,,,,,,,,,,,,,,,,,,,,,,,,,,,,,,,,,,,,,,,,,,,,,,,,,,,,,
-0.132727901,2.679024777,2.37168911,2.10725955,2.609658035,0.52249293,0.192893493,0.284218185,-0.597762635,1.02232979,41.98383636,,,,,,,,,,,,,,,,,,,,,,,,,,,,,,,,,,,,,,,,,,,,,,,,,,,,,,,,,,,,,,,,,,,,,,,,,,,,,,,,
-0.132727901,2.679024777,2.37168911,2.10725955,2.609658035,0.516614813,-0.252245338,0.339504795,-0.597762635,1.02232979,67.81431274,,,,,,,,,,,,,,,,,,,,,,,,,,,,,,,,,,,,,,,,,,,,,,,,,,,,,,,,,,,,,,,,,,,,,,,,,,,,,,,,
-0.132727901,2.679024777,2.37168911,2.10725955,2.609658035,-1.454102848,-1.259280726,-1.670884223,-0.597762635,1.02232979,65.94429183,,,,,,,,,,,,,,,,,,,,,,,,,,,,,,,,,,,,,,,,,,,,,,,,,,,,,,,,,,,,,,,,,,,,,,,,,,,,,,,,
-0.132727901,2.679024777,2.37168911,2.10725955,2.609658035,0.539523726,0.794925519,0.266519171,-0.597762635,1.02232979,12.64243358,,,,,,,,,,,,,,,,,,,,,,,,,,,,,,,,,,,,,,,,,,,,,,,,,,,,,,,,,,,,,,,,,,,,,,,,,,,,,,,,
-0.132727901,2.679024777,2.37168911,2.10725955,2.609658035,0.536059836,0.025054262,0.324725206,-0.597762635,1.02232979,74.21032846,,,,,,,,,,,,,,,,,,,,,,,,,,,,,,,,,,,,,,,,,,,,,,,,,,,,,,,,,,,,,,,,,,,,,,,,,,,,,,,,
-0.132727901,2.679024777,2.37168911,2.10725955,2.609658035,-0.70267473,-0.390895137,0.29881531,-0.597762635,1.02232979,75.06056887,,,,,,,,,,,,,,,,,,,,,,,,,,,,,,,,,,,,,,,,,,,,,,,,,,,,,,,,,,,,,,,,,,,,,,,,,,,,,,,,
-0.132727901,2.679024777,2.37168911,2.10725955,2.609658035,0.592794167,2.075611828,0.199189933,-0.597762635,1.02232979,90.99050642,,,,,,,,,,,,,,,,,,,,,,,,,,,,,,,,,,,,,,,,,,,,,,,,,,,,,,,,,,,,,,,,,,,,,,,,,,,,,,,,
-0.132727901,2.679024777,2.37168911,2.10725955,2.609658035,0.599118392,1.437093013,0.26962106,-0.597762635,1.02232979,84.34096533,,,,,,,,,,,,,,,,,,,,,,,,,,,,,,,,,,,,,,,,,,,,,,,,,,,,,,,,,,,,,,,,,,,,,,,,,,,,,,,,
-0.132727901,2.679024777,2.37168911,2.10725955,2.609658035,-2.966169883,0.82411495,1.28923023,-0.597762635,1.02232979,88.72522624,,,,,,,,,,,,,,,,,,,,,,,,,,,,,,,,,,,,,,,,,,,,,,,,,,,,,,,,,,,,,,,,,,,,,,,,,,,,,,,,
-0.132727901,2.679024777,2.37168911,2.10725955,2.609658035,0.540337216,-0.34711099,0.37253079,-0.597762635,1.02232979,36.05104123,,,,,,,,,,,,,,,,,,,,,,,,,,,,,,,,,,,,,,,,,,,,,,,,,,,,,,,,,,,,,,,,,,,,,,,,,,,,,,,,
-0.132727901,2.679024777,2.37168911,2.10725955,2.609658035,0.53826413,-0.992927163,0.430006969,-0.597762635,1.02232979,77.2841534,,,,,,,,,,,,,,,,,,,,,,,,,,,,,,,,,,,,,,,,,,,,,,,,,,,,,,,,,,,,,,,,,,,,,,,,,,,,,,,,
-0.132727901,2.679024777,2.37168911,2.10725955,2.609658035,-0.684174404,-1.916042935,-3.075127632,-0.597762635,1.02232979,85.60572483,,,,,,,,,,,,,,,,,,,,,,,,,,,,,,,,,,,,,,,,,,,,,,,,,,,,,,,,,,,,,,,,,,,,,,,,,,,,,,,,
-0.132727901,2.679024777,2.37168911,2.10725955,2.609658035,0.554219021,0.58330214,0.272540485,0.878141341,0.976774857,4.618730656,,,,,,,,,,,,,,,,,,,,,,,,,,,,,,,,,,,,,,,,,,,,,,,,,,,,,,,,,,,,,,,,,,,,,,,,,,,,,,,,
-0.132727901,2.679024777,2.37168911,2.10725955,2.609658035,0.55175231,-0.223055906,0.330016664,0.878141341,0.976774857,15.74680272,,,,,,,,,,,,,,,,,,,,,,,,,,,,,,,,,,,,,,,,,,,,,,,,,,,,,,,,,,,,,,,,,,,,,,,,,,,,,,,,
-0.132727901,2.679024777,2.37168911,2.10725955,2.609658035,0.315945324,-0.551437011,0.069093058,0.878141341,0.976774857,30.87761179,,,,,,,,,,,,,,,,,,,,,,,,,,,,,,,,,,,,,,,,,,,,,,,,,,,,,,,,,,,,,,,,,,,,,,,,,,,,,,,,
-0.132727901,2.679024777,2.37168911,2.10725955,2.609658035,0.52249293,0.192893493,0.284218185,0.878141341,0.976774857,6.970567232,,,,,,,,,,,,,,,,,,,,,,,,,,,,,,,,,,,,,,,,,,,,,,,,,,,,,,,,,,,,,,,,,,,,,,,,,,,,,,,,
-0.132727901,2.679024777,2.37168911,2.10725955,2.609658035,0.516614813,-0.252245338,0.339504795,0.878141341,0.976774857,65.46891846,,,,,,,,,,,,,,,,,,,,,,,,,,,,,,,,,,,,,,,,,,,,,,,,,,,,,,,,,,,,,,,,,,,,,,,,,,,,,,,,
-0.132727901,2.679024777,2.37168911,2.10725955,2.609658035,-1.454102848,-1.259280726,-1.670884223,0.878141341,0.976774857,66.01585424,,,,,,,,,,,,,,,,,,,,,,,,,,,,,,,,,,,,,,,,,,,,,,,,,,,,,,,,,,,,,,,,,,,,,,,,,,,,,,,,
-0.132727901,2.679024777,2.37168911,2.10725955,2.609658035,0.539523726,0.794925519,0.266519171,0.878141341,0.976774857,2.350274713,,,,,,,,,,,,,,,,,,,,,,,,,,,,,,,,,,,,,,,,,,,,,,,,,,,,,,,,,,,,,,,,,,,,,,,,,,,,,,,,
-0.132727901,2.679024777,2.37168911,2.10725955,2.609658035,0.536059836,0.025054262,0.324725206,0.878141341,0.976774857,70.85918563,,,,,,,,,,,,,,,,,,,,,,,,,,,,,,,,,,,,,,,,,,,,,,,,,,,,,,,,,,,,,,,,,,,,,,,,,,,,,,,,
-0.132727901,2.679024777,2.37168911,2.10725955,2.609658035,-0.70267473,-0.390895137,0.29881531,0.878141341,0.976774857,68.53030279,,,,,,,,,,,,,,,,,,,,,,,,,,,,,,,,,,,,,,,,,,,,,,,,,,,,,,,,,,,,,,,,,,,,,,,,,,,,,,,,
-0.132727901,2.679024777,2.37168911,2.10725955,2.609658035,0.592794167,2.075611828,0.199189933,0.878141341,0.976774857,76.3099624,,,,,,,,,,,,,,,,,,,,,,,,,,,,,,,,,,,,,,,,,,,,,,,,,,,,,,,,,,,,,,,,,,,,,,,,,,,,,,,,
-0.132727901,2.679024777,2.37168911,2.10725955,2.609658035,0.599118392,1.437093013,0.26962106,0.878141341,0.976774857,75.95426954,,,,,,,,,,,,,,,,,,,,,,,,,,,,,,,,,,,,,,,,,,,,,,,,,,,,,,,,,,,,,,,,,,,,,,,,,,,,,,,,
-0.132727901,2.679024777,2.37168911,2.10725955,2.609658035,-2.966169883,0.82411495,1.28923023,0.878141341,0.976774857,82.34937004,,,,,,,,,,,,,,,,,,,,,,,,,,,,,,,,,,,,,,,,,,,,,,,,,,,,,,,,,,,,,,,,,,,,,,,,,,,,,,,,
-0.132727901,2.679024777,2.37168911,2.10725955,2.609658035,0.540337216,-0.34711099,0.37253079,0.878141341,0.976774857,4.974394565,,,,,,,,,,,,,,,,,,,,,,,,,,,,,,,,,,,,,,,,,,,,,,,,,,,,,,,,,,,,,,,,,,,,,,,,,,,,,,,,
-0.132727901,2.679024777,2.37168911,2.10725955,2.609658035,0.53826413,-0.992927163,0.430006969,0.878141341,0.976774857,25.79072036,,,,,,,,,,,,,,,,,,,,,,,,,,,,,,,,,,,,,,,,,,,,,,,,,,,,,,,,,,,,,,,,,,,,,,,,,,,,,,,,
-0.132727901,2.679024777,2.37168911,2.10725955,2.609658035,-0.684174404,-1.916042935,-3.075127632,0.878141341,0.976774857,62.08187356,,,,,,,,,,,,,,,,,,,,,,,,,,,,,,,,,,,,,,,,,,,,,,,,,,,,,,,,,,,,,,,,,,,,,,,,,,,,,,,,
-0.132727901,2.679024777,2.37168911,2.10725955,2.609658035,0.554219021,0.58330214,0.272540485,0.878141341,0.976774857,19.16223306,,,,,,,,,,,,,,,,,,,,,,,,,,,,,,,,,,,,,,,,,,,,,,,,,,,,,,,,,,,,,,,,,,,,,,,,,,,,,,,,
-0.132727901,2.679024777,2.37168911,2.10725955,2.609658035,0.55175231,-0.223055906,0.330016664,0.878141341,0.976774857,35.94447354,,,,,,,,,,,,,,,,,,,,,,,,,,,,,,,,,,,,,,,,,,,,,,,,,,,,,,,,,,,,,,,,,,,,,,,,,,,,,,,,
-0.132727901,2.679024777,2.37168911,2.10725955,2.609658035,0.315945324,-0.551437011,0.069093058,0.878141341,0.976774857,37.90012178,,,,,,,,,,,,,,,,,,,,,,,,,,,,,,,,,,,,,,,,,,,,,,,,,,,,,,,,,,,,,,,,,,,,,,,,,,,,,,,,
-0.132727901,2.679024777,2.37168911,2.10725955,2.609658035,0.52249293,0.192893493,0.284218185,0.878141341,0.976774857,41.26452613,,,,,,,,,,,,,,,,,,,,,,,,,,,,,,,,,,,,,,,,,,,,,,,,,,,,,,,,,,,,,,,,,,,,,,,,,,,,,,,,
-0.132727901,2.679024777,2.37168911,2.10725955,2.609658035,0.516614813,-0.252245338,0.339504795,0.878141341,0.976774857,59.06928985,,,,,,,,,,,,,,,,,,,,,,,,,,,,,,,,,,,,,,,,,,,,,,,,,,,,,,,,,,,,,,,,,,,,,,,,,,,,,,,,
-0.132727901,2.679024777,2.37168911,2.10725955,2.609658035,-1.454102848,-1.259280726,-1.670884223,0.878141341,0.976774857,59.60099255,,,,,,,,,,,,,,,,,,,,,,,,,,,,,,,,,,,,,,,,,,,,,,,,,,,,,,,,,,,,,,,,,,,,,,,,,,,,,,,,
-0.132727901,2.679024777,2.37168911,2.10725955,2.609658035,0.539523726,0.794925519,0.266519171,0.878141341,0.976774857,2.42184546,,,,,,,,,,,,,,,,,,,,,,,,,,,,,,,,,,,,,,,,,,,,,,,,,,,,,,,,,,,,,,,,,,,,,,,,,,,,,,,,
-0.132727901,2.679024777,2.37168911,2.10725955,2.609658035,0.536059836,0.025054262,0.324725206,0.878141341,0.976774857,58.63301817,,,,,,,,,,,,,,,,,,,,,,,,,,,,,,,,,,,,,,,,,,,,,,,,,,,,,,,,,,,,,,,,,,,,,,,,,,,,,,,,
-0.132727901,2.679024777,2.37168911,2.10725955,2.609658035,-0.70267473,-0.390895137,0.29881531,0.878141341,0.976774857,63.99950596,,,,,,,,,,,,,,,,,,,,,,,,,,,,,,,,,,,,,,,,,,,,,,,,,,,,,,,,,,,,,,,,,,,,,,,,,,,,,,,,
-0.132727901,2.679024777,2.37168911,2.10725955,2.609658035,0.592794167,2.075611828,0.199189933,0.878141341,0.976774857,34.05189508,,,,,,,,,,,,,,,,,,,,,,,,,,,,,,,,,,,,,,,,,,,,,,,,,,,,,,,,,,,,,,,,,,,,,,,,,,,,,,,,
-0.132727901,2.679024777,2.37168911,2.10725955,2.609658035,0.599118392,1.437093013,0.26962106,0.878141341,0.976774857,41.4297554,,,,,,,,,,,,,,,,,,,,,,,,,,,,,,,,,,,,,,,,,,,,,,,,,,,,,,,,,,,,,,,,,,,,,,,,,,,,,,,,
-0.132727901,2.679024777,2.37168911,2.10725955,2.609658035,-2.966169883,0.82411495,1.28923023,0.878141341,0.976774857,47.77426479,,,,,,,,,,,,,,,,,,,,,,,,,,,,,,,,,,,,,,,,,,,,,,,,,,,,,,,,,,,,,,,,,,,,,,,,,,,,,,,,
-0.132727901,2.679024777,2.37168911,2.10725955,2.609658035,0.540337216,-0.34711099,0.37253079,0.878141341,0.976774857,20.34813867,,,,,,,,,,,,,,,,,,,,,,,,,,,,,,,,,,,,,,,,,,,,,,,,,,,,,,,,,,,,,,,,,,,,,,,,,,,,,,,,
-0.132727901,2.679024777,2.37168911,2.10725955,2.609658035,0.53826413,-0.992927163,0.430006969,0.878141341,0.976774857,60.49224443,,,,,,,,,,,,,,,,,,,,,,,,,,,,,,,,,,,,,,,,,,,,,,,,,,,,,,,,,,,,,,,,,,,,,,,,,,,,,,,,
-0.132727901,2.679024777,2.37168911,2.10725955,2.609658035,-0.684174404,-1.916042935,-3.075127632,0.878141341,0.976774857,63.88080478,,,,,,,,,,,,,,,,,,,,,,,,,,,,,,,,,,,,,,,,,,,,,,,,,,,,,,,,,,,,,,,,,,,,,,,,,,,,,,,,
-0.132727901,2.679024777,2.37168911,2.10725955,2.609658035,0.554219021,0.58330214,0.272540485,0.878141341,0.976774857,21.60119174,,,,,,,,,,,,,,,,,,,,,,,,,,,,,,,,,,,,,,,,,,,,,,,,,,,,,,,,,,,,,,,,,,,,,,,,,,,,,,,,
-0.132727901,2.679024777,2.37168911,2.10725955,2.609658035,0.55175231,-0.223055906,0.330016664,0.878141341,0.976774857,38.59563351,,,,,,,,,,,,,,,,,,,,,,,,,,,,,,,,,,,,,,,,,,,,,,,,,,,,,,,,,,,,,,,,,,,,,,,,,,,,,,,,
-0.132727901,2.679024777,2.37168911,2.10725955,2.609658035,0.315945324,-0.551437011,0.069093058,0.878141341,0.976774857,44.68109157,,,,,,,,,,,,,,,,,,,,,,,,,,,,,,,,,,,,,,,,,,,,,,,,,,,,,,,,,,,,,,,,,,,,,,,,,,,,,,,,
-0.132727901,2.679024777,2.37168911,2.10725955,2.609658035,0.52249293,0.192893493,0.284218185,0.878141341,0.976774857,44.14137034,,,,,,,,,,,,,,,,,,,,,,,,,,,,,,,,,,,,,,,,,,,,,,,,,,,,,,,,,,,,,,,,,,,,,,,,,,,,,,,,
-0.132727901,2.679024777,2.37168911,2.10725955,2.609658035,0.516614813,-0.252245338,0.339504795,0.878141341,0.976774857,66.81498604,,,,,,,,,,,,,,,,,,,,,,,,,,,,,,,,,,,,,,,,,,,,,,,,,,,,,,,,,,,,,,,,,,,,,,,,,,,,,,,,
-0.132727901,2.679024777,2.37168911,2.10725955,2.609658035,-1.454102848,-1.259280726,-1.670884223,0.878141341,0.976774857,68.2481271,,,,,,,,,,,,,,,,,,,,,,,,,,,,,,,,,,,,,,,,,,,,,,,,,,,,,,,,,,,,,,,,,,,,,,,,,,,,,,,,
-0.132727901,2.679024777,2.37168911,2.10725955,2.609658035,0.539523726,0.794925519,0.266519171,0.878141341,0.976774857,2.579355469,,,,,,,,,,,,,,,,,,,,,,,,,,,,,,,,,,,,,,,,,,,,,,,,,,,,,,,,,,,,,,,,,,,,,,,,,,,,,,,,
-0.132727901,2.679024777,2.37168911,2.10725955,2.609658035,0.536059836,0.025054262,0.324725206,0.878141341,0.976774857,74.1058241,,,,,,,,,,,,,,,,,,,,,,,,,,,,,,,,,,,,,,,,,,,,,,,,,,,,,,,,,,,,,,,,,,,,,,,,,,,,,,,,
-0.132727901,2.679024777,2.37168911,2.10725955,2.609658035,-0.70267473,-0.390895137,0.29881531,0.878141341,0.976774857,72.8478499,,,,,,,,,,,,,,,,,,,,,,,,,,,,,,,,,,,,,,,,,,,,,,,,,,,,,,,,,,,,,,,,,,,,,,,,,,,,,,,,
-0.132727901,2.679024777,2.37168911,2.10725955,2.609658035,0.592794167,2.075611828,0.199189933,0.878141341,0.976774857,89.07661609,,,,,,,,,,,,,,,,,,,,,,,,,,,,,,,,,,,,,,,,,,,,,,,,,,,,,,,,,,,,,,,,,,,,,,,,,,,,,,,,
-0.132727901,2.679024777,2.37168911,2.10725955,2.609658035,0.599118392,1.437093013,0.26962106,0.878141341,0.976774857,85.65923047,,,,,,,,,,,,,,,,,,,,,,,,,,,,,,,,,,,,,,,,,,,,,,,,,,,,,,,,,,,,,,,,,,,,,,,,,,,,,,,,
-0.132727901,2.679024777,2.37168911,2.10725955,2.609658035,-2.966169883,0.82411495,1.28923023,0.878141341,0.976774857,94.15173815,,,,,,,,,,,,,,,,,,,,,,,,,,,,,,,,,,,,,,,,,,,,,,,,,,,,,,,,,,,,,,,,,,,,,,,,,,,,,,,,
-0.132727901,2.679024777,2.37168911,2.10725955,2.609658035,0.540337216,-0.34711099,0.37253079,0.878141341,0.976774857,24.93961347,,,,,,,,,,,,,,,,,,,,,,,,,,,,,,,,,,,,,,,,,,,,,,,,,,,,,,,,,,,,,,,,,,,,,,,,,,,,,,,,
-0.132727901,2.679024777,2.37168911,2.10725955,2.609658035,0.53826413,-0.992927163,0.430006969,0.878141341,0.976774857,80.0652435,,,,,,,,,,,,,,,,,,,,,,,,,,,,,,,,,,,,,,,,,,,,,,,,,,,,,,,,,,,,,,,,,,,,,,,,,,,,,,,,
-0.132727901,2.679024777,2.37168911,2.10725955,2.609658035,-0.684174404,-1.916042935,-3.075127632,0.878141341,0.976774857,86.19820374,,,,,,,,,,,,,,,,,,,,,,,,,,,,,,,,,,,,,,,,,,,,,,,,,,,,,,,,,,,,,,,,,,,,,,,,,,,,,,,,
,,,,,,,,,,,,,,,,,,,,,,,,,,,,,,,,,,,,,,,,,,,,,,,,,,,,,,,,,,,,,,,,,,,,,,,,,,,,,,,,,,,,,,,,,,
